1,9,https://previews.dropbox.com/p/thumb/ACU0mcdcIusfoUZcIqk5NiDp44HzRjJx5jUB9sFjTwbI_cSLSit3_ozfIwem9A-YEQKevsVNtdKRIFsAoO8wO_DWMKRNRqBJ_SKqHoQDJWS3bj0A7gP4cdG65nLW2jEQpjzjQX0qwFzZX9KBolnU5_8uxwLB72McJkJXHtxjly750O2D4gP1-kinC7bWOuSlLJHyDgK8nzyhhcBDt5Ymrp6Mqt76n7g0rccBJRBiv45UA8Bvf78I_q--t70Jw_KbS3ZnzdQ38k6S9q4ZoohyMJn1wopl_GPOZWeNIYMybPTwPigZh2_3BqGcW5jxkko77KXfjrABlpACsIBX0yYwydQh/p.jpeg?is_prewarmed=true
2,10,https://previews.dropbox.com/p/thumb/ACU0mcdcIusfoUZcIqk5NiDp44HzRjJx5jUB9sFjTwbI_cSLSit3_ozfIwem9A-YEQKevsVNtdKRIFsAoO8wO_DWMKRNRqBJ_SKqHoQDJWS3bj0A7gP4cdG65nLW2jEQpjzjQX0qwFzZX9KBolnU5_8uxwLB72McJkJXHtxjly750O2D4gP1-kinC7bWOuSlLJHyDgK8nzyhhcBDt5Ymrp6Mqt76n7g0rccBJRBiv45UA8Bvf78I_q--t70Jw_KbS3ZnzdQ38k6S9q4ZoohyMJn1wopl_GPOZWeNIYMybPTwPigZh2_3BqGcW5jxkko77KXfjrABlpACsIBX0yYwydQh/p.jpeg?is_prewarmed=true
3,11,
4,12,
5,9,
6,,
7,,
8,,
9,,
10,,
11,,
12,,
